,#377eb8,#a65628,#984ea3,#999999,#e41a1c,#377eb8_max,#377eb8_min,#a65628_max,#a65628_min,#984ea3_max,#984ea3_min,#999999_max,#999999_min,#e41a1c_max,#e41a1c_min
0.0,0.0091173835,0.0077060932,0.0019265233,0.0007392473,0.0174283154,0.0145385305,0.0042114695,0.009968638,0.0054659498,0.0029121864,0.0009408602,0.0014784946,0.0,0.0208333333,0.0140681004
5000000.0,0.2125672043,0.1474238351,0.0088261649,0.0127912186,0.1227374552,0.2764784946,0.121953405,0.1717293907,0.1230958781,0.0125448029,0.005577957,0.0156137993,0.0101478495,0.1342293907,0.1112455197
10000000.0,0.5638664875,0.4176075269,0.0295250896,0.0571236559,0.2692204301,0.6214605735,0.4754704301,0.4353494624,0.3999103943,0.0366039427,0.022468638,0.063172043,0.0513664875,0.29359319,0.2448252688
15000000.0,0.7344758065,0.5884184588,0.0350358423,0.2095654122,0.4017697133,0.7703629032,0.6825492832,0.6107302867,0.5663978495,0.0439292115,0.0251792115,0.23734319,0.1818100358,0.4384408602,0.3689964158
20000000.0,0.7981630824,0.6813396057,0.0575044803,0.4418682796,0.5269265233,0.8144937276,0.7836021505,0.7116039427,0.6561379928,0.0629480287,0.0521281362,0.4876344086,0.3964605735,0.5553091398,0.4909050179
25000000.0,0.854905914,0.755421147,0.0742159498,0.6313396057,0.6030241935,0.8634408602,0.8444892473,0.7730734767,0.7392473118,0.0862679211,0.0625896057,0.678875448,0.5837589606,0.621438172,0.5887544803
30000000.0,0.876187276,0.7964157706,0.0847222222,0.7385080645,0.6537634409,0.8948028674,0.8591397849,0.8173387097,0.7686603943,0.0903449821,0.0791218638,0.7670698925,0.7152105735,0.6669802867,0.6381496416
35000000.0,0.8891577061,0.8387992832,0.1221998208,0.8041890681,0.7053539427,0.8955645161,0.8827060932,0.8471998208,0.8312051971,0.1446236559,0.1080645161,0.8262544803,0.7713933692,0.7153449821,0.6959453405
40000000.0,0.9004704301,0.8506048387,0.1657258065,0.8435259857,0.733938172,0.9126120072,0.889202509,0.8592293907,0.8419802867,0.1834005376,0.1476478495,0.8627688172,0.823140681,0.7492159498,0.7190860215
45000000.0,0.9234094982,0.8646953405,0.2207437276,0.8673835125,0.7718637993,0.9306451613,0.9169802867,0.868234767,0.8600358423,0.2349238351,0.2056003584,0.8844086022,0.8506048387,0.788172043,0.758624552
50000000.0,0.9297043011,0.8877464158,0.271438172,0.8919578853,0.7941532258,0.9334901434,0.925828853,0.8969310036,0.8798387097,0.288328853,0.2582213262,0.9020833333,0.8785842294,0.7975358423,0.7908154122
55000000.0,0.929390681,0.8954077061,0.3364023297,0.9061827957,0.8106630824,0.9333109319,0.9252016129,0.904905914,0.8865367384,0.3572132616,0.3110887097,0.9177419355,0.8949820789,0.8204973118,0.8031362007
60000000.0,0.9354390681,0.8969310036,0.370094086,0.9169578853,0.8277105735,0.9428539427,0.9265456989,0.8993503584,0.8952060932,0.3883512545,0.3485215054,0.9285170251,0.9004704301,0.8426523297,0.8109094982
65000000.0,0.9378360215,0.9050403226,0.4047267025,0.9252240143,,0.9421818996,0.931765233,0.9127464158,0.8961021505,0.4165546595,0.3911066308,0.9305555556,0.9196684588,0.8456765233,0.8359543011
70000000.0,0.947983871,0.9148073477,0.4376344086,0.9306003584,0.8547267025,0.9502240143,0.945452509,0.921796595,0.9069892473,0.450672043,0.4224910394,0.9373879928,0.9249103943,0.8657482079,0.843234767
75000000.0,0.9456989247,0.9144265233,0.4730958781,0.9347670251,0.8658826165,0.9540546595,0.9373655914,0.9210797491,0.908938172,0.5027777778,0.4423387097,0.9426075269,0.9274193548,0.8715725806,0.8607302867
80000000.0,0.9452508961,0.9157706093,0.5146953405,0.9383512545,0.8667786738,0.9483646953,0.9421146953,0.9198028674,0.9117383513,0.5303763441,0.5020833333,0.9435035842,0.9334677419,0.8779121864,0.8551971326
85000000.0,0.9477598566,0.9204077061,0.5394937276,0.941061828,0.8758960573,0.9540770609,0.9414650538,0.9298835125,0.9125448029,0.5541666667,0.5195340502,0.947468638,0.9346550179,0.8825268817,0.8688620072
90000000.0,0.9510752688,0.9231854839,0.5596550179,0.9503808244,0.8855510753,0.9524417563,0.9496415771,0.9314516129,0.9142921147,0.5904345878,0.5288978495,0.9531362007,0.9474238351,0.9000448029,0.8724910394
95000000.0,0.9571460573,0.926702509,0.5846774194,0.9504704301,0.8893145161,0.961984767,0.9523969534,0.9304435484,0.9227374552,0.5993503584,0.5673611111,0.9564964158,0.9426299283,0.8984094982,0.8771729391
100000000.0,0.9596998208,0.9263664875,0.6192428315,0.9567876344,0.89375,0.9630600358,0.9574148746,0.932952509,0.9184363799,0.632437276,0.6095206093,0.9628136201,0.9527777778,0.8992159498,0.8878360215
103070490.0,0.955421147,0.9316308244,0.6182123656,0.9568100358,0.8996639785,,,,,,,,,,
105000000.0,,,,,,0.9611335125,0.9443324373,0.9411514337,0.9287410394,0.6391129032,0.5983422939,0.9588261649,0.9547939068,0.9135304659,0.893234767
110000000.0,,,,,,0.9591173835,0.9528449821,0.946953405,0.9298387097,0.6536738351,0.6033378136,0.961671147,0.9552867384,0.9040322581,0.8937275986
115000000.0,,,,,,0.9643145161,0.961312724,0.9439964158,0.9394265233,0.6390232975,0.6188172043,0.9634408602,0.9555555556,0.9090501792,0.8976926523
120000000.0,,,,,,0.9632392473,0.9548611111,0.9462365591,0.9375224014,0.6737455197,0.6230510753,0.9631048387,0.9577060932,0.9228270609,0.8936603943
125000000.0,,,,,,0.9681003584,0.9611111111,0.9414202509,0.9316756272,0.7022401434,0.6498655914,0.9664426523,0.958781362,0.9175403226,0.8959005376
130000000.0,,,,,,0.9676523297,0.9598342294,0.9415546595,0.9323924731,0.6933243728,0.6435035842,0.9704077061,0.9622535842,0.9228270609,0.9053315412
135000000.0,,,,,,0.9687724014,0.9639784946,0.9465949821,0.9383960573,0.7212141577,0.6672491039,0.96859319,0.9562724014,0.9230286738,0.9065188172
140000000.0,,,,,,0.9678763441,0.9589157706,0.9474462366,0.93765681,0.7255600358,0.694265233,0.9704301075,0.9598342294,0.9242159498,0.9096326165
145000000.0,,,,,,0.9689292115,0.9669578853,0.9490591398,0.9366487455,0.7377464158,0.6889784946,0.9722222222,0.9685035842,0.9244399642,0.9169354839
150000000.0,,,,,,0.9665546595,0.9605062724,0.9509856631,0.9425179211,0.7363799283,0.6956765233,0.9690188172,0.9663306452,0.9210797491,0.9052643369
155000000.0,,,,,,0.9683243728,0.9628360215,0.9510080645,0.9353494624,0.7512992832,0.6946460573,0.973655914,0.968077957,0.9315188172,0.9197356631
160000000.0,,,,,,0.9713709677,0.9638664875,0.9560035842,0.9466845878,0.7523969534,0.7139784946,0.9682795699,0.9649641577,0.9263664875,0.9108646953
165000000.0,,,,,,0.9720206093,0.9668010753,0.9547715054,0.9415322581,0.7643369176,0.7301523297,0.970094086,0.9629928315,0.9296594982,0.9234991039
170000000.0,,,,,,0.974327957,0.9609991039,0.9518145161,0.9426075269,0.7664650538,0.7196908602,0.9733198925,0.960640681,0.9359543011,0.9246639785
175000000.0,,,,,,0.9709453405,0.9672939068,0.9567876344,0.9475358423,0.7947132616,0.742405914,0.9739471326,0.9696684588,0.9362455197,0.9213485663
180000000.0,,,,,,0.9679659498,0.9617831541,0.9569892473,0.9495071685,0.783624552,0.7404121864,0.9740815412,0.9699820789,0.9354614695,0.9210797491
185000000.0,,,,,,0.9747311828,0.967921147,0.9588709677,0.9481630824,0.7755600358,0.7320340502,0.9744399642,0.9702284946,0.9349238351,0.917562724
190000000.0,,,,,,0.9770833333,0.9685259857,0.9568100358,0.953046595,0.7728046595,0.7484991039,0.9784498208,0.9732526882,0.9333557348,0.9207437276
195000000.0,,,,,,0.9721550179,0.9657930108,0.9595206093,0.9541890681,0.7863799283,0.7419354839,0.976702509,0.9717069892,0.9362455197,0.9248207885
200000000.0,,,,,,0.9771729391,0.9702060932,0.9555331541,0.9434811828,0.7955645161,0.7681227599,0.9718862007,0.969578853,0.9366487455,0.9245295699
205000000.0,,,,,,0.975672043,0.9715053763,0.9534050179,0.9494175627,0.8049955197,0.7741935484,0.9789650538,0.9743503584,0.9434139785,0.93140681
210000000.0,,,,,,0.9717069892,0.968077957,0.9603494624,0.9534946237,0.8006272401,0.7755376344,0.9805107527,0.9747311828,0.933109319,0.9250448029
215000000.0,,,,,,0.978561828,0.9713485663,0.9627016129,0.9486783154,0.8065860215,0.7797491039,0.9797491039,0.9739471326,0.9378136201,0.9269713262
220000000.0,,,,,,0.9756048387,0.9704749104,0.9572356631,0.9491487455,0.804547491,0.771124552,0.9808019713,0.9725806452,0.942562724,0.9318324373
225000000.0,,,,,,0.976187276,0.9704077061,0.9616263441,0.9441308244,0.8059363799,0.7798611111,0.9775537634,0.9733870968,0.9412858423,0.9288082437
230000000.0,,,,,,0.9766353047,0.9722670251,0.9597670251,0.9574820789,0.8056899642,0.7778001792,0.9818324373,0.9745071685,0.944422043,0.9321236559
235000000.0,,,,,,0.9754032258,0.967562724,0.9608422939,0.9508736559,0.81875,0.7810035842,0.9788306452,0.9728942652,0.9457885305,0.9300179211
240000000.0,,,,,,0.9762320789,0.9706765233,0.9626120072,0.9550403226,0.8217517921,0.8104614695,0.9795026882,0.9742607527,0.9439964158,0.9304435484
245000000.0,,,,,,0.9793458781,0.9728718638,0.9626344086,0.9590501792,0.8312948029,0.7881944444,0.9793234767,0.9743951613,0.9465053763,0.9395385305
250000000.0,,,,,,0.9747535842,0.9716173835,0.9599910394,0.9543234767,0.8387096774,0.8036738351,0.98109319,0.9772625448,0.942047491,0.9326612903
255000000.0,,,,,,0.9795250896,0.9752016129,0.9613575269,0.9504928315,0.832078853,0.7986783154,0.9823924731,0.9760528674,0.9480286738,0.9365815412
260000000.0,,,,,,0.9790322581,0.9717069892,0.9728494624,0.9611783154,0.8316084229,0.807952509,0.9802643369,0.9771505376,0.9470878136,0.9348790323
265000000.0,,,,,,0.9798163082,0.9734991039,0.9620967742,0.9554659498,0.8334677419,0.8018145161,0.9819444444,0.9771281362,0.9448028674,0.9340949821
270000000.0,,,,,,0.9784722222,0.9708557348,0.9676523297,0.9581317204,0.8349462366,0.8016801075,0.9802643369,0.9773073477,0.9476926523,0.9387992832
275000000.0,,,,,,0.9745519713,0.9681451613,0.9630824373,0.9583333333,0.8556451613,0.822311828,0.9805107527,0.9783378136,0.9479614695,0.9387768817
280000000.0,,,,,,0.9772401434,0.9737007168,0.9659050179,0.9578181004,0.8371191756,0.8022177419,0.9803987455,0.9765905018,0.9495743728,0.9374103943
285000000.0,,,,,,0.9786290323,0.9741487455,0.9661738351,0.9595430108,0.8358198925,0.8207885305,0.9838485663,0.9762544803,0.9492607527,0.9365591398
290000000.0,,,,,,0.9799955197,0.9727374552,0.9631048387,0.9594758065,0.8392921147,0.8121191756,0.9824596774,0.9774417563,0.9484094982,0.9370743728
295000000.0,,,,,,0.9799731183,0.9771057348,0.9610663082,0.9532930108,0.8496639785,0.8222670251,0.9820340502,0.9784498208,0.9517473118,0.9441980287
300000000.0,,,,,,0.9790098566,0.9706317204,0.9677867384,0.9569444444,0.8486783154,0.8245743728,0.9823476703,0.976859319,0.9459901434,0.9372087814
305000000.0,,,,,,0.9800179211,0.9769489247,0.9732302867,0.9629032258,0.8577956989,0.8265456989,0.9860215054,0.9811379928,0.9512768817,0.9456541219
310000000.0,,,,,,0.9770833333,0.9745071685,0.9664202509,0.9595654122,0.8451836918,0.8297043011,0.9834453405,0.9791666667,0.9494175627,0.9396505376
315000000.0,,,,,,0.9797043011,0.9746415771,0.9676075269,0.9632840502,0.8557123656,0.833109319,0.9853494624,0.9793458781,0.9519489247,0.9427643369
320000000.0,,,,,,0.9779121864,0.9716621864,0.9659946237,0.9573924731,0.8512320789,0.825,0.9817876344,0.9800851254,0.9567204301,0.9452732975
325000000.0,,,,,,0.9833333333,0.9774865591,0.9683691756,0.9623655914,0.8598342294,0.8352598566,0.9815636201,0.9775761649,0.9534498208,0.9429435484
330000000.0,,,,,,0.9812275986,0.9750224014,0.9650089606,0.960797491,0.851702509,0.8466173835,0.9827956989,0.9811603943,0.9538082437,0.9438844086
335000000.0,,,,,,0.9820116487,0.9749551971,0.9687948029,0.9604390681,0.8542786738,0.8266577061,0.983781362,0.978718638,0.9510976703,0.9439292115
340000000.0,,,,,,0.9820564516,0.9790770609,0.9670922939,0.9610887097,0.8589829749,0.8363351254,0.9851926523,0.9816084229,0.9525089606,0.9433915771
345000000.0,,,,,,0.9835349462,0.9732078853,0.9702284946,0.9630376344,0.8611783154,0.8342293907,0.981765233,0.978718638,0.9537634409,0.9451164875
350000000.0,,,,,,0.9808019713,0.9775761649,0.9706765233,0.9619623656,0.8581765233,0.8423835125,0.9838261649,0.9797939068,0.9552195341,0.9435259857
355000000.0,,,,,,0.982078853,0.9773297491,0.9685483871,0.9610887097,0.8791890681,0.8565412186,0.985125448,0.98140681,0.9507616487,0.9408826165
360000000.0,,,,,,0.9823700717,0.9784274194,0.9716173835,0.960483871,0.8713261649,0.8417562724,0.9855286738,0.9797491039,0.9532258065,0.9440412186
365000000.0,,,,,,0.9802195341,0.9766801075,0.9670698925,0.9613575269,0.8653897849,0.8329973118,0.9842293907,0.9822356631,0.9512320789,0.9417114695
370000000.0,,,,,,0.9825716846,0.9778897849,0.971796595,0.9620743728,0.8664650538,0.8445340502,0.9873879928,0.9843413978,0.9619623656,0.94390681
375000000.0,,,,,,0.9821236559,0.9771505376,0.972311828,0.9621191756,0.8660842294,0.8415322581,0.9850358423,0.9814516129,0.9547267025,0.9494623656
380000000.0,,,,,,0.9846326165,0.9786066308,0.971796595,0.9648297491,0.8709453405,0.8663530466,0.9843862007,0.9813396057,0.9523073477,0.9448924731
385000000.0,,,,,,0.9801523297,0.9766801075,0.9681899642,0.965031362,0.8742831541,0.8599910394,0.9851702509,0.9820116487,0.9553315412,0.95
390000000.0,,,,,,0.9798163082,0.9773969534,0.9705869176,0.961155914,0.8813172043,0.8590053763,0.9851478495,0.9829749104,0.954390681,0.944578853
395000000.0,,,,,,0.9811379928,0.9787410394,0.9688396057,0.9637992832,0.8734094982,0.8428091398,0.9830421147,0.9806451613,0.9558467742,0.9457213262
400000000.0,,,,,,0.985797491,0.979233871,0.9690860215,0.9609094982,0.8770385305,0.8510976703,0.9870967742,0.9823028674,0.9565860215,0.9493503584
405000000.0,,,,,,0.9824596774,0.9752016129,0.9728046595,0.9680107527,0.8941756272,0.867047491,0.9857078853,0.9825716846,0.9571236559,0.9513216846
410000000.0,,,,,,0.9809811828,0.9778449821,0.9722670251,0.966733871,0.8760304659,0.8375896057,0.9871191756,0.9838485663,0.9546818996,0.9464157706
415000000.0,,,,,,0.9838037634,0.9798163082,0.9714829749,0.9604166667,0.8786738351,0.8484318996,0.9843637993,0.9799507168,0.9602374552,0.9537634409
420000000.0,,,,,,0.983938172,0.9790994624,0.9719310036,0.9638888889,0.889516129,0.8534050179,0.9851478495,0.9841621864,0.9579749104,0.9463261649
425000000.0,,,,,,0.9846326165,0.9781810036,0.9748879928,0.9614919355,0.8745743728,0.8531362007,0.9879256272,0.983624552,0.9559363799,0.9504704301
430000000.0,,,,,,0.983266129,0.977374552,0.9774417563,0.9705421147,0.883266129,0.8694668459,0.9876120072,0.9848566308,0.9619623656,0.95015681
435000000.0,,,,,,0.9824820789,0.9776433692,0.9685259857,0.9617831541,0.8766353047,0.8492383513,0.9843413978,0.9828181004,0.9600358423,0.9497311828
440000000.0,,,,,,0.9862903226,0.9790098566,0.971796595,0.9646729391,0.868077957,0.8558243728,0.9857302867,0.9815860215,0.9624775986,0.9506048387
445000000.0,,,,,,0.9836469534,0.9797939068,0.9740367384,0.9638664875,0.8779345878,0.8532706093,0.9874103943,0.9843637993,0.9620071685,0.9491039427
450000000.0,,,,,,0.9815188172,0.9767249104,0.9728942652,0.9653449821,0.888172043,0.8728718638,0.9872535842,0.9796818996,0.9621415771,0.952531362
455000000.0,,,,,,0.9815412186,0.977374552,0.9711693548,0.963328853,0.8854390681,0.8504704301,0.9864247312,0.885483871,0.9579301075,0.9513216846
460000000.0,,,,,,0.9817428315,0.9779345878,0.9755376344,0.9701388889,0.8864695341,0.8626344086,0.9909722222,0.9855734767,0.9598566308,0.95609319
465000000.0,,,,,,0.9823700717,0.978203405,0.9743951613,0.9681451613,0.8939516129,0.8591845878,0.9870743728,0.9817876344,0.9584453405,0.9491935484
470000000.0,,,,,,0.9820564516,0.9790322581,0.9749103943,0.9652553763,0.8769041219,0.8468413978,0.9897849462,0.9817428315,0.9624775986,0.9537634409
475000000.0,,,,,,0.9848342294,0.9821460573,0.972983871,0.9637768817,0.8846998208,0.8645833333,0.9887768817,0.983109319,0.9577732975,0.9466845878
480000000.0,,,,,,0.9868727599,0.979390681,0.9728494624,0.9644713262,0.885483871,0.8761424731,0.9872983871,0.9825268817,0.9637544803,0.9517249104
485000000.0,,,,,,0.9828181004,0.9802195341,0.9706765233,0.9659722222,0.886984767,0.8653449821,0.9875224014,0.9834229391,0.9588709677,0.9478718638
490000000.0,,,,,,0.9842741935,0.979390681,0.973655914,0.9646281362,0.8826836918,0.8632840502,0.9863351254,0.9851030466,0.96265681,0.948297491
495000000.0,,,,,,0.9840053763,0.9791442652,0.9736111111,0.9683243728,0.892405914,0.8702508961,0.9894937276,0.9838037634,0.9621191756,0.9559587814
500000000.0,,,,,,0.9868503584,0.9830197133,0.9710125448,0.9663306452,0.8849238351,0.8668682796,0.986984767,0.9836917563,0.9634184588,0.9551075269
505000000.0,,,,,,0.9835573477,0.9795698925,0.9798387097,0.971281362,0.9042786738,0.8779345878,0.9883512545,0.9849014337,0.9658378136,0.9551971326
510000000.0,,,,,,0.982437276,0.9773969534,0.9741935484,0.9671146953,0.8834005376,0.8654569892,0.9885080645,0.9845430108,0.9577732975,0.9536962366
515000000.0,,,,,,0.9850358423,0.9809811828,0.9750448029,0.9669130824,0.8894041219,0.8718637993,0.9892473118,0.9859543011,0.958938172,0.9509856631
520000000.0,,,,,,0.9846326165,0.9775985663,0.9773969534,0.9708557348,0.8920250896,0.8656586022,0.986827957,0.9808019713,0.9640456989,0.9596774194
525000000.0,,,,,,0.9842741935,0.9811379928,0.9747759857,0.9687051971,0.8989695341,0.8710349462,0.986984767,0.9845654122,0.9625896057,0.9548835125
530000000.0,,,,,,0.9839829749,0.9798611111,0.9769713262,0.967562724,0.8932123656,0.8787634409,0.989202509,0.9828405018,0.9645609319,0.9499775986
535000000.0,,,,,,0.983781362,0.9815636201,0.976187276,0.9709005376,0.8889784946,0.8761200717,0.9885080645,0.9832213262,0.9632168459,0.9573028674
540000000.0,,,,,,0.9861783154,0.9830869176,0.9746415771,0.9673611111,0.9016129032,0.876187276,0.9900761649,0.9830869176,0.9633512545,0.9556899642
545000000.0,,,,,,0.9847222222,0.9820340502,0.9707213262,0.9670698925,0.8944892473,0.8786962366,0.9895385305,0.985483871,0.9617831541,0.9547491039
550000000.0,,,,,,0.9854166667,0.9823252688,0.9739247312,0.9685483871,0.900672043,0.8840501792,0.9902105735,0.9883064516,0.9640232975,0.9573476703
555000000.0,,,,,,0.983938172,0.9797491039,0.975515233,0.9701612903,0.9000672043,0.8896057348,0.9904121864,0.9862903226,0.9647177419,0.9543010753
560000000.0,,,,,,0.9868055556,0.9810483871,0.9775761649,0.9739695341,0.8912634409,0.8782258065,0.9861111111,0.9845878136,0.9603270609,0.9558243728
565000000.0,,,,,,0.9882168459,0.9829749104,0.978046595,0.9678987455,0.9006496416,0.8798835125,0.9891577061,0.9850358423,0.9620967742,0.9546370968
570000000.0,,,,,,0.9848566308,0.9788082437,0.9726478495,0.9653001792,0.8978718638,0.8844310036,0.9891801075,0.9841173835,0.966061828,0.9550851254
575000000.0,,,,,,0.986312724,0.9786514337,0.9726478495,0.9711693548,0.9038530466,0.88109319,0.9879928315,0.982594086,0.9626120072,0.9547043011
580000000.0,,,,,,0.9851478495,0.9808915771,0.9752016129,0.9701164875,0.8901209677,0.8760080645,0.9890681004,0.9867607527,0.9610663082,0.9573028674
585000000.0,,,,,,0.9844758065,0.9813172043,0.9737679211,0.9679659498,0.8922491039,0.8808691756,0.9891801075,0.9850582437,0.9687948029,0.9607750896
590000000.0,,,,,,0.9877688172,0.9838037634,0.9746415771,0.9679435484,0.8997535842,0.8790322581,0.9905913978,0.9850806452,0.9612679211,0.956765233
595000000.0,,,,,,0.9865367384,0.9817204301,0.975,0.9703405018,0.9070564516,0.8827956989,0.9895833333,0.9847670251,0.9609767025,0.9541890681
600000000.0,,,,,,0.9851926523,0.9830645161,0.9751792115,0.9698028674,0.8982078853,0.8868951613,0.9898297491,0.9853942652,0.9633960573,0.9565412186
605000000.0,,,,,,0.9853270609,0.9796146953,0.9775537634,0.9724462366,0.8971998208,0.8812051971,0.9869623656,0.9836021505,0.9669130824,0.954905914
610000000.0,,,,,,0.9874775986,0.982594086,0.9782706093,0.9726478495,0.8964605735,0.8759184588,0.9882392473,0.9860663082,0.9670698925,0.9586693548
615000000.0,,,,,,0.989359319,0.982952509,0.9771281362,0.9690860215,0.8969310036,0.8754704301,0.989202509,0.9859767025,0.9628584229,0.9546594982
620000000.0,,,,,,0.9849238351,0.9809363799,0.9771729391,0.96859319,0.904547491,0.8833109319,0.9886424731,0.9867831541,0.960797491,0.9540770609
625000000.0,,,,,,0.98734319,0.9826612903,0.9750672043,0.971438172,0.9080869176,0.8953853047,0.9891801075,0.986984767,0.9629704301,0.9575268817
630000000.0,,,,,,0.9857526882,0.9834901434,0.9779345878,0.9678091398,0.9021729391,0.8838037634,0.9890681004,0.9859094982,0.9610215054,0.9522401434
635000000.0,,,,,,0.9872311828,0.9847446237,0.9795026882,0.9714829749,0.9084453405,0.8847222222,0.9881272401,0.985483871,0.9659274194,0.9537410394
640000000.0,,,,,,0.9864919355,0.9805331541,0.9745967742,0.9705421147,0.8981854839,0.8860439068,0.9901433692,0.9857526882,0.9622983871,0.9558243728
645000000.0,,,,,,0.9897849462,0.9855062724,0.9752688172,0.9695116487,0.9061155914,0.8940636201,0.9868727599,0.9850358423,0.9664426523,0.9604390681
650000000.0,,,,,,0.9870071685,0.9818324373,0.9779121864,0.9719310036,0.9047939068,0.9001344086,0.990188172,0.9853494624,0.965703405,0.9580645161
655000000.0,,,,,,0.9854166667,0.9832213262,0.9762768817,0.9734767025,0.9008960573,0.8845206093,0.9907482079,0.9858646953,0.9640456989,0.9563844086
660000000.0,,,,,,0.9872087814,0.9827508961,0.9764336918,0.9698252688,0.9070116487,0.8913978495,0.9897849462,0.9862679211,0.9632616487,0.9596550179
665000000.0,,,,,,0.9884184588,0.9864247312,0.9817876344,0.9734991039,0.9036738351,0.876859319,0.9894937276,0.9859318996,0.9649865591,0.9590277778
670000000.0,,,,,,0.9847446237,0.9829077061,0.9772849462,0.9730062724,0.9015681004,0.8880824373,0.9920698925,0.9889112903,0.9661514337,0.9617607527
675000000.0,,,,,,0.9885304659,0.9829301075,0.9770385305,0.9722222222,0.9133512545,0.8940636201,0.9883512545,0.9859094982,0.9659946237,0.9581317204
680000000.0,,,,,,0.9868503584,0.9810259857,0.9771953405,0.9685035842,0.9040098566,0.8911514337,0.9912634409,0.9866263441,0.9683691756,0.9625672043
685000000.0,,,,,,0.9862007168,0.980734767,0.9782258065,0.974484767,0.9070116487,0.8930107527,0.9904121864,0.9874551971,0.967047491,0.9596326165
690000000.0,,,,,,0.9865815412,0.9810035842,0.978046595,0.9715501792,0.9112903226,0.8971326165,0.9910394265,0.9882168459,0.96234319,0.9588709677
695000000.0,,,,,,0.9868727599,0.981922043,0.9816980287,0.9753584229,0.9101702509,0.8915098566,0.9887992832,0.9869399642,0.9678763441,0.9596998208
700000000.0,,,,,,0.9866039427,0.9835797491,0.9781810036,0.9720654122,0.9070340502,0.8993951613,0.9894489247,0.9836021505,0.9664874552,0.9598790323
705000000.0,,,,,,0.9858870968,0.9827060932,0.9829077061,0.9709229391,0.9112007168,0.8896281362,0.9895609319,0.9865591398,0.9658602151,0.9627464158
710000000.0,,,,,,0.9888216846,0.9812275986,0.9767473118,0.9726030466,0.9090725806,0.8923387097,0.9904569892,0.9858198925,0.96875,0.9545922939
715000000.0,,,,,,0.9885080645,0.9814964158,0.9822132616,0.9728942652,0.9154345878,0.8979390681,0.9928763441,0.9867607527,0.9645833333,0.959453405
720000000.0,,,,,,0.9862455197,0.9829973118,0.9775985663,0.9705421147,0.9132840502,0.8995519713,0.9901433692,0.9878584229,0.969422043,0.9577060932
725000000.0,,,,,,0.9880600358,0.9840053763,0.9807795699,0.9743055556,0.9048387097,0.8912858423,0.9908378136,0.9860439068,0.9650761649,0.961155914
730000000.0,,,,,,0.9863351254,0.9820564516,0.9803987455,0.9706989247,0.9117383513,0.8910170251,0.9904793907,0.9849462366,0.9693324373,0.9605286738
735000000.0,,,,,,0.986984767,0.9842069892,0.9774417563,0.9726030466,0.90625,0.8906362007,0.9885528674,0.9873207885,0.967921147,0.9585797491
740000000.0,,,,,,0.9876120072,0.9858870968,0.9766801075,0.971124552,0.91234319,0.8820340502,0.990031362,0.9866039427,0.9704749104,0.9597446237
745000000.0,,,,,,0.9881944444,0.9846102151,0.9765232975,0.9698924731,0.906922043,0.8977822581,0.9894489247,0.9880824373,0.9696236559,0.958781362
750000000.0,,,,,,0.9863575269,0.9810035842,0.977531362,0.9696908602,0.9094758065,0.8877240143,0.9909498208,0.9875224014,0.9677643369,0.9607078853
755000000.0,,,,,,0.9892249104,0.985483871,0.9769713262,0.970766129,0.9046146953,0.8866935484,0.9908602151,0.9836693548,0.9681227599,0.9602598566
760000000.0,,,,,,0.9879480287,0.9835349462,0.9776657706,0.9738799283,0.9075492832,0.8907258065,0.9900537634,0.9879480287,0.970094086,0.9622087814
765000000.0,,,,,,0.9857526882,0.9818324373,0.9798835125,0.972625448,0.9059587814,0.8952284946,0.9907706093,0.9851030466,0.9661514337,0.9579077061
770000000.0,,,,,,0.9889336918,0.9834901434,0.9782706093,0.9721102151,0.9096326165,0.8838933692,0.9881496416,0.9831989247,0.9664874552,0.9596326165
775000000.0,,,,,,0.9867607527,0.9833781362,0.9812051971,0.972311828,0.9168458781,0.8966173835,0.9913530466,0.9885080645,0.9671818996,0.9620967742
780000000.0,,,,,,0.9899865591,0.9836469534,0.9758512545,0.9726702509,0.9128360215,0.8885752688,0.9909946237,0.9886200717,0.9699148746,0.9605510753
785000000.0,,,,,,0.9896057348,0.9850582437,0.9786514337,0.9746863799,0.9116935484,0.8965053763,0.9916890681,0.9855734767,0.9684363799,0.9600358423
790000000.0,,,,,,0.986155914,0.9826164875,0.9808019713,0.9752688172,0.9219758065,0.9063172043,0.9906362007,0.9854390681,0.96859319,0.9632392473
795000000.0,,,,,,0.9879704301,0.9854614695,0.9786514337,0.8297939068,0.913844086,0.901344086,0.9916218638,0.9858198925,0.9652105735,0.9593862007
800000000.0,,,,,,0.9877912186,0.9834229391,0.9785170251,0.9749775986,0.910640681,0.9032258065,0.991733871,0.9894041219,0.9690860215,0.9625448029
805000000.0,,,,,,0.9869399642,0.9851030466,0.9798163082,0.973812724,0.9216621864,0.8938172043,0.9913082437,0.9872535842,0.9650089606,0.9592293907
810000000.0,,,,,,0.9873879928,0.9853494624,0.977688172,0.9746639785,0.915031362,0.8928763441,0.9891129032,0.9880600358,0.9726478495,0.9639784946
815000000.0,,,,,,0.9892473118,0.9847446237,0.9802419355,0.9731854839,0.9190412186,0.901344086,0.9911738351,0.9859543011,0.9674731183,0.9636648746
820000000.0,,,,,,0.988844086,0.9859767025,0.9794578853,0.9736111111,0.9114919355,0.9017249104,0.9908602151,0.9887544803,0.9677419355,0.957078853
825000000.0,,,,,,0.989516129,0.9835797491,0.9824596774,0.9730734767,0.9140008961,0.9010304659,0.9892697133,0.9852374552,0.970766129,0.966061828
830000000.0,,,,,,0.988015233,0.983624552,0.9797267025,0.9737679211,0.9144041219,0.9012096774,0.9907706093,0.9892921147,0.9676523297,0.9631944444
835000000.0,,,,,,0.9877912186,0.9835125448,0.9837589606,0.9766577061,0.907437276,0.889202509,0.9909498208,0.9875896057,0.9631272401,0.9569892473
840000000.0,,,,,,0.9875896057,0.9826836918,0.9786962366,0.9730286738,0.9125,0.9065188172,0.9915322581,0.9872535842,0.9668010753,0.9619623656
845000000.0,,,,,,0.9903673835,0.9855062724,0.982594086,0.9765008961,0.915546595,0.9053763441,0.9914650538,0.9886424731,0.9714157706,0.9657706093
850000000.0,,,,,,0.990188172,0.9858198925,0.9834005376,0.9776209677,0.9127240143,0.8926299283,0.9900089606,0.9875,0.9685035842,0.9584005376
855000000.0,,,,,,0.9896281362,0.9860215054,0.9792562724,0.9751792115,0.9155689964,0.9019713262,0.9910170251,0.9870743728,0.96875,0.9608198925
860000000.0,,,,,,0.988015233,0.9857078853,0.9818996416,0.9749551971,0.9190412186,0.9105286738,0.9917786738,0.9893369176,0.9672491039,0.9598342294
865000000.0,,,,,,0.9907930108,0.9851702509,0.9798163082,0.9729614695,0.9207437276,0.9021281362,0.9913978495,0.9887096774,0.9674731183,0.9617831541
870000000.0,,,,,,0.988687276,0.9869175627,0.9813620072,0.9750896057,0.9113799283,0.8908826165,0.990546595,0.9872311828,0.9695116487,0.9633960573
875000000.0,,,,,,0.9891577061,0.9863575269,0.9773521505,0.9726702509,0.9191532258,0.8999327957,0.9914426523,0.9861335125,0.9688396057,0.9601702509
880000000.0,,,,,,0.9896057348,0.9843189964,0.9800179211,0.9776433692,0.9238799283,0.8967069892,0.9918010753,0.9885752688,0.9742383513,0.9657258065
885000000.0,,,,,,0.9902329749,0.9873655914,0.9780017921,0.9728942652,0.9144713262,0.9019489247,0.9919578853,0.9875896057,0.9660170251,0.9623879928
890000000.0,,,,,,0.9916218638,0.9869399642,0.9804883513,0.9733422939,0.9196012545,0.9004480287,0.9908826165,0.9891353047,0.9672491039,0.9587589606
895000000.0,,,,,,0.9896057348,0.9871191756,0.9808691756,0.9746639785,0.9216397849,0.9066532258,0.991375448,0.988015233,0.9689740143,0.9631496416
900000000.0,,,,,,0.9886424731,0.9881496416,0.9800179211,0.9764784946,0.9193548387,0.9065188172,0.9927195341,0.9886424731,0.9663530466,0.9599238351
905000000.0,,,,,,0.9898297491,0.9853046595,0.9818548387,0.9779793907,0.9196684588,0.8974462366,0.9918234767,0.9891801075,0.9699596774,0.9645609319
910000000.0,,,,,,0.9909946237,0.9838933692,0.9778449821,0.9719086022,0.9123207885,0.8990591398,0.9915994624,0.9884184588,0.9700492832,0.965031362
915000000.0,,,,,,0.9890008961,0.986827957,0.9827956989,0.9768817204,0.9164874552,0.9038530466,0.9913530466,0.9899865591,0.9714157706,0.9664874552
920000000.0,,,,,,0.9914426523,0.9872759857,0.9824148746,0.9756048387,0.919422043,0.9125,0.9896729391,0.9876344086,0.9689964158,0.9632616487
925000000.0,,,,,,0.9866935484,0.9846326165,0.9808915771,0.9761648746,0.9206541219,0.9070116487,0.9913530466,0.9870743728,0.9711469534,0.967047491
930000000.0,,,,,,0.9890008961,0.9877912186,0.9804435484,0.9742831541,0.927531362,0.9077956989,0.993077957,0.9891577061,0.9718189964,0.9634632616
935000000.0,,,,,,0.9872311828,0.9846326165,0.9786962366,0.9745519713,0.9245519713,0.9047715054,0.9915770609,0.9886648746,0.9713485663,0.9647625448
940000000.0,,,,,,0.9893369176,0.9843189964,0.9821012545,0.979547491,0.9198252688,0.902688172,0.9907706093,0.9848790323,0.9706317204,0.9652553763
945000000.0,,,,,,0.9905913978,0.9860663082,0.9816532258,0.9735439068,0.9183467742,0.8991039427,0.9903897849,0.9870967742,0.9730734767,0.9668010753
950000000.0,,,,,,0.9894937276,0.9845430108,0.9810483871,0.9706317204,0.919937276,0.9033154122,0.9901657706,0.9886200717,0.9710797491,0.9613799283
955000000.0,,,,,,0.9890905018,0.9847222222,0.9818324373,0.9788530466,0.9218862007,0.9063396057,0.9922491039,0.989874552,0.9697804659,0.9652553763
960000000.0,,,,,,0.9897849462,0.9861783154,0.9810483871,0.9760304659,0.9190636201,0.8933243728,0.9895833333,0.9887992832,0.9739471326,0.9633512545
965000000.0,,,,,,0.9923163082,0.9872983871,0.9829749104,0.9789874552,0.9213933692,0.8921370968,0.9919578853,0.9901209677,0.9697580645,0.9621863799
970000000.0,,,,,,0.989516129,0.9842517921,0.983109319,0.9760976703,0.9176971326,0.898297491,0.9916218638,0.9900985663,0.9708557348,0.9659274194
975000000.0,,,,,,0.9887096774,0.9862903226,0.9798611111,0.9751344086,0.9229166667,0.9039874552,0.9939964158,0.9894937276,0.9720430108,0.9673387097
980000000.0,,,,,,0.9885528674,0.9824596774,0.9794578853,0.9753584229,0.9222222222,0.9089605735,0.9915994624,0.989516129,0.9733422939,0.9672267025
985000000.0,,,,,,0.9903225806,0.9866935484,0.9823252688,0.9785842294,0.9279345878,0.9091397849,0.9921146953,0.9897625448,0.9673611111,0.9608198925
990000000.0,,,,,,0.9905017921,0.9871639785,0.9821012545,0.9767249104,0.9217741935,0.9094310036,0.9905689964,0.9885080645,0.972625448,0.9660394265
995000000.0,,,,,,0.9881944444,0.9842517921,0.9826388889,0.9760528674,0.9122535842,0.9074148746,0.9911066308,0.9872087814,0.96875,0.9630600358
1000000000.0,,,,,,0.9883512545,0.9860887097,0.9878136201,0.9795026882,0.9193324373,0.9102598566,0.991375448,0.9899865591,0.9724238351,0.9651657706
1005000000.0,,,,,,0.9910842294,0.9873207885,0.9815860215,0.9774641577,0.9145385305,0.90625,0.9926523297,0.9887096774,0.9701388889,0.9644265233
1010000000.0,,,,,,0.9880824373,0.9853270609,0.9821012545,0.9800179211,0.9156362007,0.8980062724,0.9935035842,0.9894489247,0.972311828,0.9673835125
1015000000.0,,,,,,0.9906362007,0.9883064516,0.9767473118,0.8303763441,0.9238351254,0.8943548387,0.99375,0.9909274194,0.9736111111,0.9693772401
1020000000.0,,,,,,0.9902777778,0.9860439068,0.98140681,0.9770385305,0.9122759857,0.8990591398,0.9921594982,0.9899865591,0.9738575269,0.9661738351
1025000000.0,,,,,,0.9904345878,0.9868503584,0.9810035842,0.9769713262,0.9191756272,0.9077508961,0.9925179211,0.991061828,0.9750448029,0.9657706093
1030000000.0,,,,,,0.9917786738,0.9865591398,0.9798163082,0.9728270609,0.9257168459,0.9080421147,0.9907258065,0.98734319,0.9734543011,0.9635752688
1035000000.0,,,,,,0.9881048387,0.9853942652,0.979905914,0.9769489247,0.9272625448,0.9093637993,0.9924507168,0.9875448029,0.9735887097,0.9659050179
1040000000.0,,,,,,0.9894713262,0.9875896057,0.9790098566,0.9707213262,0.9265681004,0.9114695341,0.99375,0.9888888889,0.9755824373,0.9690860215
1045000000.0,,,,,,0.9916442652,0.9891129032,0.9819668459,0.976187276,0.9236111111,0.9070116487,0.9920250896,0.9889336918,0.970094086,0.9684363799
1050000000.0,,,,,,0.9899417563,0.9845878136,0.9809587814,0.9764560932,0.9287634409,0.9120295699,0.9921370968,0.9893369176,0.9744623656,0.9708109319
1055000000.0,,,,,,0.9878808244,0.9856854839,0.9793682796,0.9739023297,0.9241263441,0.905062724,0.9926075269,0.9894265233,0.9713709677,0.9670026882
1060000000.0,,,,,,0.9924955197,0.9870295699,0.9816084229,0.9766577061,0.9166218638,0.9028001792,0.9909946237,0.9885976703,0.9733870968,0.9671146953
1065000000.0,,,,,,0.990031362,0.9859543011,0.9830421147,0.9759408602,0.9247087814,0.9083333333,0.9934587814,0.9894713262,0.9756944444,0.9654569892
1070000000.0,,,,,,0.9908154122,0.986984767,0.9839605735,0.9794578853,0.9153673835,0.905577957,0.992405914,0.9904345878,0.9696012545,0.9643369176
1075000000.0,,,,,,0.9912410394,0.9857750896,0.9807123656,0.9759856631,0.9178539427,0.908109319,0.9922715054,0.9895833333,0.9699820789,0.9657930108
1080000000.0,,,,,,0.9903449821,0.9872983871,0.9819444444,0.9762992832,0.9125896057,0.9037858423,0.9909946237,0.9892249104,0.9756048387,0.9720206093
1085000000.0,,,,,,0.9922491039,0.9902105735,0.9816980287,0.9751120072,0.9281586022,0.9118503584,0.9928987455,0.9900537634,0.9715949821,0.9666666667
1090000000.0,,,,,,0.9888888889,0.9862231183,0.9814292115,0.9766577061,0.9254928315,0.9086917563,0.9922715054,0.9902329749,0.9750896057,0.9699596774
1095000000.0,,,,,,0.9906137993,0.9858422939,0.9806227599,0.977688172,0.9250224014,0.9138664875,0.9929435484,0.9884408602,0.974327957,0.9683243728
1100000000.0,,,,,,0.9886648746,0.9864695341,0.983938172,0.978561828,0.9204973118,0.9083781362,0.9928315412,0.9907930108,0.9724462366,0.9663082437
1105000000.0,,,,,,0.9920698925,0.9862007168,0.9828405018,0.9787634409,0.9211917563,0.9016353047,0.9929659498,0.9871415771,0.9725134409,0.9680331541
1110000000.0,,,,,,0.9909050179,0.9888888889,0.982078853,0.9773969534,0.9170026882,0.9005824373,0.9927419355,0.9892473118,0.9715277778,0.964516129
1115000000.0,,,,,,0.9919130824,0.9858198925,0.9825268817,0.9778449821,0.927688172,0.9133960573,0.9923387097,0.9881048387,0.9728718638,0.9665322581
1120000000.0,,,,,,0.9911514337,0.9863799283,0.9828853047,0.9780913978,0.9245967742,0.9108198925,0.9903449821,0.9892921147,0.9715949821,0.9641129032
1125000000.0,,,,,,0.9922715054,0.9857078853,0.982594086,0.9781137993,0.9326164875,0.9049955197,0.9915770609,0.9894489247,0.9714829749,0.9678315412
1130000000.0,,,,,,0.9884184588,0.9860663082,0.9836469534,0.9793458781,0.9353494624,0.921281362,0.9924507168,0.9895385305,0.9715949821,0.9617383513
1135000000.0,,,,,,0.990703405,0.9864695341,0.9830869176,0.9790098566,0.9288530466,0.9158602151,0.9928091398,0.9885080645,0.9720878136,0.964516129
1140000000.0,,,,,,0.9903673835,0.9870967742,0.9817876344,0.9783602151,0.9220654122,0.9025985663,0.9926971326,0.9898521505,0.9748879928,0.9692876344
1145000000.0,,,,,,0.9908154122,0.9885976703,0.9801747312,0.9763664875,0.9253136201,0.9156810036,0.9917114695,0.9896953405,0.9723342294,0.9637768817
1150000000.0,,,,,,0.9907482079,0.9851702509,0.9844310036,0.9800179211,0.9236111111,0.9066308244,0.991890681,0.9886200717,0.9743503584,0.9683019713
1155000000.0,,,,,,0.9921370968,0.9894265233,0.9813172043,0.9784050179,0.9320340502,0.9165322581,0.9922491039,0.9894713262,0.9735439068,0.9681003584
1160000000.0,,,,,,0.9890456989,0.9860215054,0.9814740143,0.9784722222,0.925672043,0.9115367384,0.9933691756,0.9902329749,0.9696012545,0.9668234767
1165000000.0,,,,,,0.9893817204,0.9859094982,0.9842069892,0.9790546595,0.928203405,0.9134856631,0.9931675627,0.9895385305,0.975,0.9701612903
1170000000.0,,,,,,0.9913082437,0.9891577061,0.9832437276,0.9797267025,0.9247759857,0.9127016129,0.9929435484,0.9911514337,0.9746863799,0.9697804659
1175000000.0,,,,,,0.9890905018,0.98734319,0.9818548387,0.9786290323,0.9262768817,0.9204077061,0.9915322581,0.9866935484,0.9735663082,0.9664426523
1180000000.0,,,,,,0.990546595,0.9873655914,0.9831317204,0.9784946237,0.9254928315,0.9091173835,0.9916890681,0.9906586022,0.9773073477,0.9677419355
1185000000.0,,,,,,0.9920026882,0.9900985663,0.982594086,0.9796370968,0.924327957,0.9144041219,0.9928091398,0.989516129,0.9754032258,0.9713261649
1190000000.0,,,,,,0.9916890681,0.9868727599,0.9815412186,0.9795922939,0.9323252688,0.9166890681,0.9922043011,0.9871639785,0.9734318996,0.9706317204
1195000000.0,,,,,,0.9923611111,0.9882392473,0.9814516129,0.9770833333,0.9270833333,0.9115143369,0.9906810036,0.9866263441,0.9742831541,0.9705869176
1200000000.0,,,,,,0.9910170251,0.9892697133,0.9820340502,0.9779345878,0.9219086022,0.9129928315,0.9915098566,0.9898969534,0.9754032258,0.9672043011
1205000000.0,,,,,,0.9884632616,0.9862679211,0.9847446237,0.978875448,0.9258960573,0.9125896057,0.9922491039,0.9890681004,0.9748207885,0.9665770609
1210000000.0,,,,,,0.9922715054,0.9869399642,0.9829749104,0.9802419355,0.9263664875,0.920452509,0.99359319,0.9887544803,0.9765008961,0.969937276
1215000000.0,,,,,,0.9915322581,0.9878136201,0.9832885305,0.9784722222,0.9342293907,0.9149193548,0.9928315412,0.9897625448,0.9739695341,0.9701388889
1220000000.0,,,,,,0.9907482079,0.9885304659,0.9823028674,0.9790770609,0.9248655914,0.9133960573,0.9915322581,0.9882392473,0.9777553763,0.9684139785
1225000000.0,,,,,,0.9901657706,0.9883736559,0.9818996416,0.9792562724,0.9295026882,0.9181003584,0.9927643369,0.9884408602,0.9739471326,0.969937276
1230000000.0,,,,,,0.9915994624,0.9884184588,0.983624552,0.9771505376,0.9222446237,0.9109991039,0.9927195341,0.9895385305,0.9738575269,0.9702284946
1235000000.0,,,,,,0.9915098566,0.9893145161,0.9849014337,0.9781586022,0.9251120072,0.9093862007,0.992562724,0.9907930108,0.9740815412,0.9707885305
1240000000.0,,,,,,0.9895833333,0.9873207885,0.9834229391,0.9787858423,0.9207437276,0.9107526882,0.9923611111,0.9887768817,0.975515233,0.9718637993
1245000000.0,,,,,,0.9923835125,0.9890008961,0.9815636201,0.9748655914,0.9303539427,0.9119623656,0.9934811828,0.9889784946,0.9737007168,0.9669130824
1250000000.0,,,,,,0.9905689964,0.9870295699,0.9848790323,0.9791442652,0.9306899642,0.9191084229,0.9926523297,0.991218638,0.9758736559,0.9693772401
1255000000.0,,,,,,0.9916890681,0.9881496416,0.9871415771,0.9806003584,0.9238799283,0.9040770609,0.9926747312,0.9887096774,0.9739919355,0.9684587814
1260000000.0,,,,,,0.9914202509,0.9890008961,0.9868055556,0.9818548387,0.9234767025,0.9096998208,0.9948476703,0.9918682796,0.9744175627,0.9685707885
1265000000.0,,,,,,0.9910394265,0.9866263441,0.9841173835,0.9768145161,0.9300851254,0.9055331541,0.9930331541,0.9900089606,0.9768369176,0.9707437276
1270000000.0,,,,,,0.9908378136,0.98765681,0.9857526882,0.98140681,0.9276433692,0.9208333333,0.9928539427,0.9908602151,0.973812724,0.9678987455
1275000000.0,,,,,,0.992405914,0.9874551971,0.9830421147,0.9788530466,0.920766129,0.9100582437,0.9931227599,0.9914202509,0.9727150538,0.9683915771
1280000000.0,,,,,,0.9898297491,0.9849238351,0.9842741935,0.9812948029,0.9211469534,0.9097222222,0.9922939068,0.9879928315,0.9721550179,0.9686379928
1285000000.0,,,,,,0.9921370968,0.9877464158,0.9827508961,0.9772401434,0.932437276,0.9205645161,0.9920922939,0.988328853,0.9735663082,0.971124552
1290000000.0,,,,,,0.9910842294,0.9875896057,0.9851030466,0.9816532258,0.9372759857,0.9278449821,0.9927419355,0.9898969534,0.9754704301,0.9677419355
1295000000.0,,,,,,0.9885752688,0.986312724,0.9834453405,0.9816980287,0.9240143369,0.9127688172,0.9919802867,0.9908826165,0.9751344086,0.969265233
1300000000.0,,,,,,0.9914650538,0.9882616487,0.9850806452,0.9805555556,0.9340053763,0.9217293907,0.9927867384,0.990188172,0.9777553763,0.9721550179
1305000000.0,,,,,,0.9915098566,0.9893817204,0.9798835125,0.9774865591,0.9378808244,0.9133512545,0.9924731183,0.9894713262,0.9780689964,0.9706541219
1310000000.0,,,,,,0.9931451613,0.9887992832,0.9838933692,0.978718638,0.9209453405,0.9051747312,0.9936827957,0.9897401434,0.973297491,0.9697580645
1315000000.0,,,,,,0.9896505376,0.9860439068,0.982952509,0.9750448029,0.9318772401,0.9185707885,0.9934363799,0.9894489247,0.9771057348,0.9685259857
1320000000.0,,,,,,0.9916218638,0.988844086,0.9812948029,0.978875448,0.9248207885,0.9156810036,0.9921594982,0.9895609319,0.9775761649,0.9700492832
1325000000.0,,,,,,0.9899865591,0.9875448029,0.9823476703,0.9731182796,0.9368727599,0.9234991039,0.991218638,0.9892473118,0.9793234767,0.9712141577
1330000000.0,,,,,,0.9913082437,0.9899417563,0.9806675627,0.975,0.9246415771,0.9117831541,0.9919130824,0.9884408602,0.9759856631,0.9670698925
1335000000.0,,,,,,0.9924507168,0.9903673835,0.9826164875,0.974171147,0.9260080645,0.9133512545,0.9933467742,0.9907258065,0.9762992832,0.9717293907
1340000000.0,,,,,,0.9897849462,0.9877016129,0.9846774194,0.9784274194,0.9254704301,0.9116487455,0.9913530466,0.9894265233,0.9741935484,0.9686603943
1345000000.0,,,,,,0.9914426523,0.9849238351,0.9821012545,0.9762096774,0.9249775986,0.9158378136,0.9934811828,0.9911514337,0.9776657706,0.9705869176
1350000000.0,,,,,,0.989874552,0.988687276,0.9845878136,0.9829077061,0.9244623656,0.9191084229,0.9917114695,0.9882616487,0.9776433692,0.9707213262
1355000000.0,,,,,,0.9914874552,0.986827957,0.9817204301,0.9792114695,0.9292562724,0.9150761649,0.9922043011,0.9891353047,0.9724238351,0.9650761649
1360000000.0,,,,,,0.9926299283,0.9876792115,0.9844310036,0.9820340502,0.9265456989,0.9128584229,0.9932795699,0.9915322581,0.9751792115,0.9705869176
1365000000.0,,,,,,0.990031362,0.9862903226,0.9846102151,0.9807123656,0.9323700717,0.9196236559,0.9914650538,0.988687276,0.9755600358,0.9721998208
1370000000.0,,,,,,0.9909050179,0.9877912186,0.9867383513,0.9790322581,0.932078853,0.9208557348,0.9933019713,0.9924731183,0.9739023297,0.967562724
1375000000.0,,,,,,0.9911066308,0.9889336918,0.9822132616,0.9770833333,0.9305331541,0.9148297491,0.9906137993,0.9888664875,0.9757168459,0.9708557348
1380000000.0,,,,,,0.9923163082,0.9864695341,0.9824596774,0.980421147,0.9346550179,0.923140681,0.9921146953,0.9900537634,0.9745967742,0.9694444444
1385000000.0,,,,,,0.9890456989,0.9878136201,0.9866263441,0.9809811828,0.9332213262,0.9256496416,0.9934139785,0.9908602151,0.9745743728,0.9682123656
1390000000.0,,,,,,0.9917562724,0.9894489247,0.9827508961,0.9809139785,0.9309139785,0.9195116487,0.9915546595,0.9887992832,0.976702509,0.9683467742
1395000000.0,,,,,,0.9919802867,0.9898073477,0.9847894265,0.9786514337,0.9316532258,0.9222670251,0.9935035842,0.9925403226,0.972625448,0.9667562724
1400000000.0,,,,,,0.9920698925,0.9870967742,0.983938172,0.9786738351,0.9265456989,0.9124103943,0.9918234767,0.9887992832,0.9778449821,0.9687051971
1405000000.0,,,,,,0.9908154122,0.9874103943,0.9841621864,0.9790322581,0.9258064516,0.9108198925,0.9939292115,0.9913082437,0.9741487455,0.9670026882
1410000000.0,,,,,,0.991890681,0.9879480287,0.9844758065,0.9793458781,0.933624552,0.9195564516,0.9936155914,0.9860887097,0.9757392473,0.9678987455
1415000000.0,,,,,,0.9926747312,0.9889784946,0.9850134409,0.9771281362,0.9266801075,0.9154345878,0.9927195341,0.991375448,0.9780689964,0.9683467742
1420000000.0,,,,,,0.9918010753,0.9903225806,0.9844086022,0.9810707885,0.9267249104,0.9181451613,0.9928091398,0.9880824373,0.9754032258,0.9711021505
1425000000.0,,,,,,0.9904569892,0.9887096774,0.9836917563,0.9811155914,0.9294130824,0.9229390681,,,0.9778449821,0.9721102151
1430000000.0,,,,,,0.9910394265,0.988172043,0.9828853047,0.980062724,0.9324820789,0.9230286738,,,0.9760304659,0.9708109319
1435000000.0,,,,,,0.9927419355,0.9889112903,0.9848342294,0.9807571685,0.9416218638,0.9223566308,,,0.9764112903,0.9713485663
1440000000.0,,,,,,0.9909274194,0.9878808244,0.984968638,0.9780241935,0.9335125448,0.9133960573,,,0.9765681004,0.9706989247
1445000000.0,,,,,,0.9913082437,0.9889560932,0.9848790323,0.9808019713,0.9358870968,0.9256048387,,,0.974484767,0.9688620072
1450000000.0,,,,,,0.9936379928,0.9903449821,0.9836693548,0.9803763441,0.9324596774,0.9221998208,,,0.9778897849,0.969422043
1455000000.0,,,,,,0.9923163082,0.986671147,0.9834453405,0.9776433692,0.9343189964,0.9246415771,,,0.9770385305,0.9699148746
1460000000.0,,,,,,0.9905017921,0.9833109319,0.9840725806,0.9800851254,0.9291890681,0.9182571685,,,0.9801747312,0.9740591398
1465000000.0,,,,,,0.9899193548,0.9841845878,0.9841173835,0.978875448,0.9229166667,0.9148521505,,,0.9779569892,0.9710125448
1470000000.0,,,,,,0.9918458781,0.9876792115,0.9834901434,0.9779345878,0.9260080645,0.9128808244,,,0.9771281362,0.96859319
1475000000.0,,,,,,0.9911962366,0.9829301075,0.9815860215,0.9792562724,0.9317428315,0.9178539427,,,0.9770609319,0.9681451613
1480000000.0,,,,,,0.9922267025,0.9911290323,0.9836693548,0.9773969534,0.9337141577,0.9177643369,,,0.9786290323,0.9741935484
1485000000.0,,,,,,0.9923163082,0.989202509,0.9840501792,0.9803987455,0.930062724,0.9129704301,,,0.9759184588,0.9691084229
1490000000.0,,,,,,0.9931675627,0.9901657706,0.9831541219,0.9806451613,0.9328405018,0.9222222222,,,0.9794130824,0.976702509
1495000000.0,,,,,,0.9910170251,0.9893817204,0.9831317204,0.9793682796,0.9248207885,0.9205197133,,,0.9754032258,0.9722894265
1500000000.0,,,,,,0.991890681,0.9900089606,0.9844310036,0.9777777778,0.9291666667,0.9231182796,,,0.9808243728,0.970609319
1505000000.0,,,,,,0.9905241935,0.9886424731,0.9859318996,0.9801075269,0.925,0.9140232975,,,0.9776209677,0.9704301075
1510000000.0,,,,,,,,0.9836469534,0.9794130824,0.9258736559,0.9179435484,,,0.9778225806,0.9717293907
1515000000.0,,,,,,,,0.9813172043,0.9775761649,0.9274641577,0.9104166667,,,0.9783378136,0.9704973118
1520000000.0,,,,,,,,0.9852598566,0.9794130824,0.9252688172,0.9129032258,,,,
1525000000.0,,,,,,,,0.9823700717,0.9751792115,0.9318996416,0.9189292115,,,,
1530000000.0,,,,,,,,0.9844310036,0.9804883513,0.9303315412,0.920452509,,,,
1535000000.0,,,,,,,,0.9858422939,0.98109319,0.9319892473,0.9173611111,,,,
1540000000.0,,,,,,,,0.9845430108,0.9761648746,0.9341845878,0.9169354839,,,,
1545000000.0,,,,,,,,0.9873655914,0.9835125448,0.9400089606,0.9155689964,,,,
1550000000.0,,,,,,,,0.9845878136,0.9822804659,0.9310483871,0.9164874552,,,,
1555000000.0,,,,,,,,0.9858422939,0.9818996416,0.9328629032,0.9196012545,,,,
1560000000.0,,,,,,,,0.9856630824,0.9808243728,0.9334453405,0.9198924731,,,,
1565000000.0,,,,,,,,0.9864919355,0.9795250896,0.9329077061,0.9224238351,,,,
1570000000.0,,,,,,,,0.9849238351,0.9793010753,0.9295922939,0.9166218638,,,,
1575000000.0,,,,,,,,0.9814964158,0.9787410394,0.9225582437,0.9128808244,,,,
1580000000.0,,,,,,,,0.9856854839,0.979905914,0.9288082437,0.9175403226,,,,
1585000000.0,,,,,,,,0.9823028674,0.9798387097,0.9299731183,0.9257168459,,,,
1590000000.0,,,,,,,,0.9813620072,0.9759632616,0.9350134409,0.9239247312,,,,
1595000000.0,,,,,,,,0.9865591398,0.9799283154,0.9252016129,0.9063172043,,,,
1600000000.0,,,,,,,,0.9826612903,0.9740143369,0.9344086022,0.9209229391,,,,
1605000000.0,,,,,,,,0.9846998208,0.9791666667,0.9284946237,0.9220878136,,,,
1610000000.0,,,,,,,,0.9866487455,0.9781137993,0.933109319,0.9218189964,,,,
1615000000.0,,,,,,,,0.9862007168,0.9799731183,0.9390456989,0.9219982079,,,,
1620000000.0,,,,,,,,,,0.9297043011,0.9165770609,,,,
1625000000.0,,,,,,,,,,0.935640681,0.928875448,,,,
1630000000.0,,,,,,,,,,0.9391129032,0.922468638,,,,
1635000000.0,,,,,,,,,,0.9340277778,0.922468638,,,,
1640000000.0,,,,,,,,,,0.9269265233,0.9177867384,,,,
1645000000.0,,,,,,,,,,0.933938172,0.9193324373,,,,
1650000000.0,,,,,,,,,,0.9282258065,0.9164426523,,,,
1655000000.0,,,,,,,,,,0.9378360215,0.9228270609,,,,
1660000000.0,,,,,,,,,,0.9355734767,0.9213037634,,,,
1665000000.0,,,,,,,,,,0.9323476703,0.9169354839,,,,
1670000000.0,,,,,,,,,,0.9321684588,0.9221774194,,,,
1675000000.0,,,,,,,,,,0.9322580645,0.918234767,,,,
1680000000.0,,,,,,,,,,0.9341621864,0.9145385305,,,,
1685000000.0,,,,,,,,,,0.9371191756,0.9301971326,,,,
1690000000.0,,,,,,,,,,0.9293682796,0.9221102151,,,,
1695000000.0,,,,,,,,,,0.9348342294,0.9238575269,,,,
1700000000.0,,,,,,,,,,0.9366935484,0.9258960573,,,,
1705000000.0,,,,,,,,,,0.9393369176,0.9289874552,,,,
1710000000.0,,,,,,,,,,0.9348342294,0.920452509,,,,
1715000000.0,,,,,,,,,,0.9338709677,0.9198700717,,,,
1720000000.0,,,,,,,,,,0.9349014337,0.9203629032,,,,
1725000000.0,,,,,,,,,,0.9378360215,0.9258736559,,,,
1730000000.0,,,,,,,,,,0.9327732975,0.9285394265,,,,
1735000000.0,,,,,,,,,,0.9410842294,0.9217293907,,,,
1740000000.0,,,,,,,,,,0.9307123656,0.9150761649,,,,
1745000000.0,,,,,,,,,,0.9353942652,0.9176747312,,,,
1750000000.0,,,,,,,,,,0.9407482079,0.9201388889,,,,
1755000000.0,,,,,,,,,,0.9323252688,0.9149641577,,,,
1760000000.0,,,,,,,,,,0.927531362,0.9147177419,,,,
1765000000.0,,,,,,,,,,0.9356854839,0.9221102151,,,,
1770000000.0,,,,,,,,,,0.9249551971,0.9210125448,,,,
1775000000.0,,,,,,,,,,0.9302867384,0.922983871,,,,
1780000000.0,,,,,,,,,,0.944578853,0.9205421147,,,,
1785000000.0,,,,,,,,,,0.9342293907,0.9232302867,,,,
1790000000.0,,,,,,,,,,0.9427867384,0.9259632616,,,,
1795000000.0,,,,,,,,,,0.9434363799,0.9308467742,,,,
1800000000.0,,,,,,,,,,0.933109319,0.9153225806,,,,
1805000000.0,,,,,,,,,,0.9315860215,0.9198700717,,,,
1810000000.0,,,,,,,,,,0.9372087814,0.9229166667,,,,
1815000000.0,,,,,,,,,,0.9321012545,0.9256496416,,,,
1820000000.0,,,,,,,,,,0.9425851254,0.9211021505,,,,
1825000000.0,,,,,,,,,,0.935640681,0.918234767,,,,
1830000000.0,,,,,,,,,,0.9300179211,0.9167562724,,,,
1835000000.0,,,,,,,,,,0.9374327957,0.9259632616,,,,
1840000000.0,,,,,,,,,,0.9323924731,0.9230734767,,,,
1845000000.0,,,,,,,,,,0.934453405,0.9184139785,,,,
1850000000.0,,,,,,,,,,0.9316756272,0.9247983871,,,,
1855000000.0,,,,,,,,,,0.9337365591,0.9275089606,,,,
1860000000.0,,,,,,,,,,0.9317428315,0.9198252688,,,,
1865000000.0,,,,,,,,,,0.9327060932,0.922468638,,,,
1870000000.0,,,,,,,,,,0.9391801075,0.9228494624,,,,
1875000000.0,,,,,,,,,,0.9318772401,0.9196012545,,,,
1880000000.0,,,,,,,,,,0.9363575269,0.9244399642,,,,
1885000000.0,,,,,,,,,,0.9308243728,0.915031362,,,,
1890000000.0,,,,,,,,,,0.9384184588,0.9202284946,,,,
1895000000.0,,,,,,,,,,0.9338037634,0.9222446237,,,,
1900000000.0,,,,,,,,,,0.9326164875,0.9274193548,,,,
1905000000.0,,,,,,,,,,0.9290322581,0.9164650538,,,,
1910000000.0,,,,,,,,,,0.9309363799,0.9269265233,,,,
1915000000.0,,,,,,,,,,0.9412858423,0.9293458781,,,,
1920000000.0,,,,,,,,,,0.9344086022,0.9202956989,,,,
1925000000.0,,,,,,,,,,0.9439964158,0.9260080645,,,,
1930000000.0,,,,,,,,,,0.9463933692,0.9283154122,,,,
1935000000.0,,,,,,,,,,0.9353270609,0.9288082437,,,,
1940000000.0,,,,,,,,,,0.9356854839,0.92484319,,,,
1945000000.0,,,,,,,,,,0.9354166667,0.9233870968,,,,
1950000000.0,,,,,,,,,,0.9319444444,0.9196684588,,,,
1955000000.0,,,,,,,,,,0.9261424731,0.9201388889,,,,
1960000000.0,,,,,,,,,,0.9350134409,0.9259856631,,,,
1965000000.0,,,,,,,,,,0.9403225806,0.9314964158,,,,
1970000000.0,,,,,,,,,,0.9399865591,0.9277553763,,,,
1975000000.0,,,,,,,,,,0.9434811828,0.9271281362,,,,
1980000000.0,,,,,,,,,,0.9347222222,0.9224014337,,,,
1985000000.0,,,,,,,,,,0.9328629032,0.9239919355,,,,
1990000000.0,,,,,,,,,,0.9308467742,0.9159274194,,,,
1995000000.0,,,,,,,,,,0.9301075269,0.9176075269,,,,
2000000000.0,,,,,,,,,,0.9331989247,0.916218638,,,,
2005000000.0,,,,,,,,,,0.9457213262,0.9253584229,,,,
2010000000.0,,,,,,,,,,0.9359094982,0.9111783154,,,,
2015000000.0,,,,,,,,,,0.9320116487,0.9240367384,,,,
